{
	"resource": "/health-test",
	"path": "/health-test",
	"httpMethod": "GET",
	"headers": None,
	"multiValueHeaders": None,
	"queryStringParameters": None,
	"multiValueQueryStringParameters": None,
	"pathParameters": None,
	"stageVariables": None,
	"requestContext": {
		"resourceId": "n0k0ov",
		"resourcePath": "/health-test",
		"httpMethod": "GET",
		"extendedRequestId": "W7M2BFLWIAMFh2g=",
		"requestTime": "02/Dec/2020:12:54:36 +0000",
		"path": "/health-test",
		"accountId": "749622116802",
		"protocol": "HTTP/1.1",
		"stage": "test-invoke-stage",
		"domainPrefix": "testPrefix",
		"requestTimeEpoch": 1606913676842,
		"requestId": "69d05ca2-14f7-4b58-b04d-e63d4f9ea7b1",
		"identity": {
			"cognitoIdentityPoolId": None,
			"cognitoIdentityId": None,
			"apiKey": "test-invoke-api-key",
			"principalOrgId": None,
			"cognitoAuthenticationType": None,
			"userArn": "arn:aws:sts::749622116802:assumed-role/cfg-saml-entsvc-admin/RahulChowdary.Bondalapati@citizensbank.com",
			"apiKeyId": "test-invoke-api-key-id",
			"userAgent": "aws-internal/3 aws-sdk-java/1.11.864 Linux/4.9"
		}
	}
}
